CRIME_DATE,OFFENSE,LOCATION
2017-06-17,INTERFERENCE WITH PUBLIC OFFICER,POLICE FACILITY/VEH PARKING LOT
2017-10-27,INTERFERENCE WITH PUBLIC OFFICER,POLICE FACILITY/VEH PARKING LOT
2018-06-15,HOMICIDE,HOUSE
2018-07-04,CRIM SEXUAL ASSAULT,ABANDONED BUILDING
2017-07-02,SEX OFFENSE,VEHICLE - OTHER RIDE SERVICE
2018-04-24,CRIM SEXUAL ASSAULT,HOTEL/MOTEL
2020-01-14,ARSON,VACANT LOT / LAND
2017-02-14,CRIM SEXUAL ASSAULT,HOSPITAL BUILDING/GROUNDS
2017-03-25,HUMAN TRAFFICKING,HOSPITAL BUILDING/GROUNDS
2019-05-26,HOMICIDE,CHA PARKING LOT
2020-09-21,CRIMINAL SEXUAL ASSAULT,HOTEL / MOTEL
2019-01-13,INTERFERENCE WITH PUBLIC OFFICER,ABANDONED BUILDING
2017-05-10,INTERFERENCE WITH PUBLIC OFFICER,ABANDONED BUILDING
2017-02-14,ARSON,VACANT LOT/LAND
2020-03-16,INTERFERENCE WITH PUBLIC OFFICER,RESIDENCE - PORCH / HALLWAY
2017-08-07,CONCEALED CARRY LICENSE VIOLATION,AIRPORT TERMINAL UPPER LEVEL - SECURE AREA
2019-11-24,CONCEALED CARRY LICENSE VIOLATION,SPORTS ARENA/STADIUM
2018-12-20,SEX OFFENSE,ABANDONED BUILDING
2019-10-05,LIQUOR LAW VIOLATION,TAVERN/LIQUOR STORE
2018-08-31,CONCEALED CARRY LICENSE VIOLATION,AIRPORT EXTERIOR - SECURE AREA
2017-11-04,HOMICIDE,NOT IDENTIFIED
2017-12-08,CRIM SEXUAL ASSAULT,HOSPITAL BUILDING/GROUNDS
2020-10-27,ARSON,RESIDENCE - GARAGE
2020-01-03,HOMICIDE,NURSING HOME
2020-09-18,HOMICIDE,NOT IDENTIFIED
2017-09-02,INTERFERENCE WITH PUBLIC OFFICER,ABANDONED BUILDING
2020-08-19,CRIMINAL SEXUAL ASSAULT,HOSPITAL BUILDING / GROUNDS
2020-02-11,SEX OFFENSE,SCHOOL - PUBLIC BUILDING
2019-08-02,HOMICIDE,TRAILER
2017-04-15,SEX OFFENSE,HOTEL/MOTEL
2020-04-24,HOMICIDE,YARD
2018-01-22,HOMICIDE,HOUSE
2019-11-23,INTERFERENCE WITH PUBLIC OFFICER,CTA PLATFORM
2018-10-27,HOMICIDE,PARKING LOT
2019-10-07,CRIM SEXUAL ASSAULT,HOTEL/MOTEL
2017-08-25,ARSON,ABANDONED BUILDING
2018-10-19,GAMBLING,CTA BUS STOP
2019-11-25,CRIMINAL SEXUAL ASSAULT,HOTEL / MOTEL
2019-03-08,CONCEALED CARRY LICENSE VIOLATION,AIRPORT TERMINAL UPPER LEVEL - SECURE AREA
2019-10-09,HOMICIDE,HOUSE
2020-12-28,STALKING,CHA PARKING LOT / GROUNDS
2017-02-15,HOMICIDE,NOT IDENTIFIED
2020-09-30,SEX OFFENSE,HOTEL / MOTEL
2018-12-28,KIDNAPPING,POLICE FACILITY/VEH PARKING LOT
2019-04-14,ARSON,RESIDENCE - GARAGE
2018-08-16,SEX OFFENSE,NURSING HOME/RETIREMENT HOME
2017-11-17,CRIM SEXUAL ASSAULT,HOSPITAL BUILDING/GROUNDS
2017-11-18,SEX OFFENSE,HOSPITAL BUILDING/GROUNDS
2020-09-12,ARSON,RESIDENCE - PORCH / HALLWAY
2020-01-19,HOMICIDE,CHA APARTMENT
2017-05-01,SEX OFFENSE,NURSING HOME/RETIREMENT HOME
2019-03-12,SEX OFFENSE,"SCHOOL, PUBLIC, GROUNDS"
2020-08-24,SEX OFFENSE,PARKING LOT / GARAGE (NON RESIDENTIAL)
2017-07-18,INTERFERENCE WITH PUBLIC OFFICER,CHA PARKING LOT/GROUNDS
2018-10-20,CRIMINAL SEXUAL ASSAULT,SCHOOL - PRIVATE BUILDING
2017-04-20,CRIM SEXUAL ASSAULT,ABANDONED BUILDING
2020-02-27,CONCEALED CARRY LICENSE VIOLATION,AIRPORT TERMINAL UPPER LEVEL - SECURE AREA
2018-12-16,CONCEALED CARRY LICENSE VIOLATION,AIRPORT BUILDING NON-TERMINAL - SECURE AREA
2018-08-15,KIDNAPPING,ABANDONED BUILDING
2017-03-24,HOMICIDE,PORCH
2017-02-15,HOMICIDE,SCHOOL YARD
2020-06-03,CONCEALED CARRY LICENSE VIOLATION,AIRPORT TERMINAL UPPER LEVEL - SECURE AREA
2017-09-13,CONCEALED CARRY LICENSE VIOLATION,AIRPORT TERMINAL UPPER LEVEL - SECURE AREA
2018-12-01,SEX OFFENSE,SCHOOL - PUBLIC BUILDING
2020-02-12,INTERFERENCE WITH PUBLIC OFFICER,POLICE FACILITY/VEH PARKING LOT
2018-02-01,SEX OFFENSE,NURSING HOME/RETIREMENT HOME
2018-05-15,CRIM SEXUAL ASSAULT,HOSPITAL BUILDING/GROUNDS
2019-07-22,CRIMINAL SEXUAL ASSAULT,HOTEL / MOTEL
2020-02-24,CRIMINAL SEXUAL ASSAULT,HOSPITAL BUILDING / GROUNDS
2018-06-26,CRIM SEXUAL ASSAULT,NURSING HOME/RETIREMENT HOME
2019-05-03,CRIMINAL SEXUAL ASSAULT,HOSPITAL BUILDING / GROUNDS
2018-01-01,HOMICIDE,NOT IDENTIFIED
2019-01-02,SEX OFFENSE,CTA PLATFORM
2020-05-30,HOMICIDE,ABANDONED BUILDING
2018-07-08,SEX OFFENSE,CTA BUS
2019-09-14,LIQUOR LAW VIOLATION,TAVERN/LIQUOR STORE
2017-11-01,INTERFERENCE WITH PUBLIC OFFICER,HOSPITAL BUILDING/GROUNDS
2017-03-10,LIQUOR LAW VIOLATION,TAVERN/LIQUOR STORE
2018-03-21,LIQUOR LAW VIOLATION,TAVERN/LIQUOR STORE
2017-04-18,PROSTITUTION,HOTEL/MOTEL
2018-04-16,SEX OFFENSE,NURSING HOME/RETIREMENT HOME
2017-08-01,SEX OFFENSE,HOSPITAL BUILDING/GROUNDS
2017-04-13,INTERFERENCE WITH PUBLIC OFFICER,POLICE FACILITY/VEH PARKING LOT
2020-05-29,HOMICIDE,NOT IDENTIFIED
2018-06-05,LIQUOR LAW VIOLATION,TAVERN/LIQUOR STORE
2018-04-25,SEX OFFENSE,"SCHOOL, PRIVATE, BUILDING"
2020-08-25,ARSON,DRIVEWAY - RESIDENTIAL
2018-04-01,HOMICIDE,PORCH
2019-04-21,KIDNAPPING,POLICE FACILITY/VEH PARKING LOT
2017-07-24,ARSON,WAREHOUSE
2019-09-20,SEX OFFENSE,CHA APARTMENT
2020-06-13,SEX OFFENSE,HOSPITAL BUILDING / GROUNDS
2020-07-01,HOMICIDE,CHA PARKING LOT
2020-10-01,SEX OFFENSE,SCHOOL - PRIVATE BUILDING
2017-01-21,INTERFERENCE WITH PUBLIC OFFICER,POLICE FACILITY/VEH PARKING LOT
2019-10-27,INTERFERENCE WITH PUBLIC OFFICER,POLICE FACILITY/VEH PARKING LOT
2018-10-31,SEX OFFENSE,SCHOOL - PRIVATE BUILDING
2018-09-10,CRIM SEXUAL ASSAULT,HOTEL/MOTEL
2020-11-28,CRIMINAL SEXUAL ASSAULT,HOSPITAL BUILDING / GROUNDS
2019-06-01,HOMICIDE,NOT IDENTIFIED
2020-09-11,ARSON,TAVERN / LIQUOR STORE
2020-10-03,CRIMINAL SEXUAL ASSAULT,HOSPITAL BUILDING / GROUNDS
2020-08-14,LIQUOR LAW VIOLATION,TAVERN / LIQUOR STORE
2018-06-05,HOMICIDE,PARKING LOT
2018-06-12,CRIM SEXUAL ASSAULT,HOSPITAL BUILDING/GROUNDS
2019-04-09,CRIMINAL SEXUAL ASSAULT,VACANT LOT / LAND
2019-09-06,SEX OFFENSE,"SCHOOL, PRIVATE, BUILDING"
2020-01-25,INTERFERENCE WITH PUBLIC OFFICER,CTA BUS STOP
2019-03-17,SEX OFFENSE,CTA STATION
2018-09-01,SEX OFFENSE,SCHOOL - PRIVATE BUILDING
2018-06-24,HOMICIDE,GARAGE
2019-05-11,LIQUOR LAW VIOLATION,TAVERN/LIQUOR STORE
2019-07-08,CRIM SEXUAL ASSAULT,HOSPITAL BUILDING/GROUNDS
2018-10-23,SEX OFFENSE,HOTEL/MOTEL
2019-09-01,SEX OFFENSE,DAY CARE CENTER
2019-07-05,HOMICIDE,PARKING LOT
2020-06-14,SEX OFFENSE,RESIDENCE - PORCH / HALLWAY
2017-05-24,SEX OFFENSE,CTA BUS
2018-04-28,CRIMINAL SEXUAL ASSAULT,HOTEL / MOTEL
2020-04-07,HOMICIDE,"CTA ""L"" PLATFORM"
2018-12-22,CRIM SEXUAL ASSAULT,NURSING HOME/RETIREMENT HOME
2019-06-10,SEX OFFENSE,VACANT LOT/LAND
2020-10-13,CONCEALED CARRY LICENSE VIOLATION,PARKING LOT / GARAGE (NON RESIDENTIAL)
2020-10-28,CRIMINAL SEXUAL ASSAULT,HOSPITAL BUILDING / GROUNDS
2018-10-17,STALKING,CTA BUS STOP
2019-12-16,SEX OFFENSE,DAY CARE CENTER
2020-07-22,LIQUOR LAW VIOLATION,TAVERN / LIQUOR STORE
2017-03-08,LIQUOR LAW VIOLATION,DRUG STORE
2018-06-14,HOMICIDE,LIQUOR STORE
2018-02-22,INTERFERENCE WITH PUBLIC OFFICER,AIRPORT TERMINAL UPPER LEVEL - SECURE AREA
2017-03-05,INTERFERENCE WITH PUBLIC OFFICER,POLICE FACILITY/VEH PARKING LOT
2018-06-29,LIQUOR LAW VIOLATION,TAVERN/LIQUOR STORE
2018-05-08,CRIMINAL SEXUAL ASSAULT,RESIDENCE - YARD (FRONT / BACK)
2018-08-02,LIQUOR LAW VIOLATION,CTA STATION
2018-02-25,CRIM SEXUAL ASSAULT,TAXICAB
2018-08-13,CRIMINAL SEXUAL ASSAULT,HOSPITAL BUILDING / GROUNDS
2019-09-01,CRIMINAL SEXUAL ASSAULT,SCHOOL - PRIVATE GROUNDS
2019-11-18,CRIM SEXUAL ASSAULT,HOTEL/MOTEL
2018-01-28,CRIM SEXUAL ASSAULT,HOTEL/MOTEL
2018-08-05,CRIM SEXUAL ASSAULT,ABANDONED BUILDING
2017-03-19,SEX OFFENSE,CTA PLATFORM
2017-09-01,SEX OFFENSE,HOSPITAL BUILDING/GROUNDS
2019-08-23,ARSON,VACANT LOT/LAND
2017-02-12,LIQUOR LAW VIOLATION,TAVERN/LIQUOR STORE
2019-09-18,SEX OFFENSE,ATHLETIC CLUB
2017-07-14,HOMICIDE,NOT IDENTIFIED
2017-03-12,CRIM SEXUAL ASSAULT,CHURCH/SYNAGOGUE/PLACE OF WORSHIP
2017-01-10,CRIM SEXUAL ASSAULT,DRIVEWAY - RESIDENTIAL
2018-04-07,INTERFERENCE WITH PUBLIC OFFICER,POLICE FACILITY/VEH PARKING LOT
2019-07-09,SEX OFFENSE,BARBERSHOP
2019-05-25,CRIM SEXUAL ASSAULT,NURSING HOME/RETIREMENT HOME
2020-11-04,SEX OFFENSE,BANK
2020-03-01,CRIMINAL SEXUAL ASSAULT,"VEHICLE - OTHER RIDE SHARE SERVICE (LYFT, UBER, ETC.)"
2017-04-17,SEX OFFENSE,"SCHOOL, PRIVATE, BUILDING"
2019-02-27,STALKING,CHURCH/SYNAGOGUE/PLACE OF WORSHIP
2019-02-22,CRIM SEXUAL ASSAULT,"SCHOOL, PUBLIC, GROUNDS"
2018-05-09,ARSON,VEHICLE-COMMERCIAL
2020-08-16,LIQUOR LAW VIOLATION,BARBERSHOP
2018-11-19,HOMICIDE,HOSPITAL
2018-01-17,CRIM SEXUAL ASSAULT,"SCHOOL, PRIVATE, BUILDING"
2018-07-20,SEX OFFENSE,FIRE STATION
2018-06-03,CRIMINAL SEXUAL ASSAULT,RESIDENCE - YARD (FRONT / BACK)
2019-11-28,HOMICIDE,NOT IDENTIFIED
2020-03-27,CONCEALED CARRY LICENSE VIOLATION,AIRPORT TERMINAL UPPER LEVEL - SECURE AREA
2018-07-09,INTIMIDATION,GOVERNMENT BUILDING/PROPERTY
2019-04-07,SEX OFFENSE,NURSING HOME/RETIREMENT HOME
2020-12-27,CRIMINAL SEXUAL ASSAULT,NURSING / RETIREMENT HOME
2018-03-13,HOMICIDE,HALLWAY
2020-09-13,HOMICIDE,NOT IDENTIFIED
2019-03-11,CRIMINAL SEXUAL ASSAULT,HOTEL / MOTEL
2018-05-10,KIDNAPPING,CTA BUS STOP
2020-06-27,SEX OFFENSE,CTA STATION
2018-05-31,CRIM SEXUAL ASSAULT,HOSPITAL BUILDING/GROUNDS
2017-04-26,CRIM SEXUAL ASSAULT,CTA BUS
2017-06-07,CRIM SEXUAL ASSAULT,ABANDONED BUILDING
2018-12-15,SEX OFFENSE,HOTEL/MOTEL
2020-10-23,INTERFERENCE WITH PUBLIC OFFICER,CTA BUS STOP
2018-08-03,CRIM SEXUAL ASSAULT,HOTEL/MOTEL
2018-10-01,SEX OFFENSE,"SCHOOL, PUBLIC, GROUNDS"
2018-03-29,CRIM SEXUAL ASSAULT,HOSPITAL BUILDING/GROUNDS
2019-08-09,CRIM SEXUAL ASSAULT,FOREST PRESERVE
2019-11-18,KIDNAPPING,CTA BUS STOP
2018-04-21,HOMICIDE,PORCH
2017-03-20,CONCEALED CARRY LICENSE VIOLATION,AIRPORT TERMINAL UPPER LEVEL - SECURE AREA
2018-08-23,CRIMINAL SEXUAL ASSAULT,HOTEL / MOTEL
2017-06-08,HOMICIDE,HOUSE
2020-03-17,SEX OFFENSE,NURSING / RETIREMENT HOME
2020-03-02,SEX OFFENSE,RESIDENCE - YARD (FRONT / BACK)
2019-11-21,INTERFERENCE WITH PUBLIC OFFICER,DRIVEWAY - RESIDENTIAL
2018-03-08,INTERFERENCE WITH PUBLIC OFFICER,VACANT LOT/LAND
2017-06-17,ARSON,ABANDONED BUILDING
2019-09-26,SEX OFFENSE,NURSING HOME/RETIREMENT HOME
2019-11-20,OBSCENITY,"SCHOOL, PRIVATE, BUILDING"
2020-07-21,HOMICIDE,CHA APARTMENT
2020-10-28,STALKING,RESIDENCE - PORCH / HALLWAY
2018-08-25,SEX OFFENSE,HOSPITAL BUILDING/GROUNDS
2020-06-21,INTIMIDATION,RESIDENCE - GARAGE
2017-04-18,PROSTITUTION,HOTEL/MOTEL
2019-01-09,CRIM SEXUAL ASSAULT,HOSPITAL BUILDING/GROUNDS
2018-06-19,HOMICIDE,HOTEL
2020-01-26,HOMICIDE,NOT IDENTIFIED
2018-02-10,HOMICIDE,HOUSE
2020-04-28,HOMICIDE,PORCH
2017-09-28,CONCEALED CARRY LICENSE VIOLATION,AIRPORT EXTERIOR - NON-SECURE AREA
2017-06-27,INTERFERENCE WITH PUBLIC OFFICER,POLICE FACILITY/VEH PARKING LOT
2020-05-02,SEX OFFENSE,CTA STATION
2019-07-15,CRIM SEXUAL ASSAULT,FOREST PRESERVE
2018-12-28,STALKING,"SCHOOL, PRIVATE, BUILDING"
2019-07-17,KIDNAPPING,HOSPITAL BUILDING/GROUNDS
2017-09-01,CRIM SEXUAL ASSAULT,COLLEGE/UNIVERSITY GROUNDS
2019-08-03,SEX OFFENSE,CHA HALLWAY/STAIRWELL/ELEVATOR
2020-02-09,CRIMINAL SEXUAL ASSAULT,SCHOOL - PRIVATE BUILDING
2017-09-20,SEX OFFENSE,HOTEL/MOTEL
2018-09-20,CRIM SEXUAL ASSAULT,HOTEL/MOTEL
2017-10-11,CRIM SEXUAL ASSAULT,MOVIE HOUSE/THEATER
2018-01-22,SEX OFFENSE,CTA STATION
2018-05-30,CONCEALED CARRY LICENSE VIOLATION,AIRPORT TERMINAL UPPER LEVEL - SECURE AREA
2020-03-09,SEX OFFENSE,SCHOOL - PUBLIC BUILDING
2018-01-04,NON-CRIMINAL,POLICE FACILITY/VEH PARKING LOT
2019-09-13,SEX OFFENSE,SCHOOL - PUBLIC BUILDING
2019-07-06,HOMICIDE,PORCH
2017-11-22,ARSON,VACANT LOT / LAND
2020-06-24,CRIMINAL SEXUAL ASSAULT,GOVERNMENT BUILDING / PROPERTY
2017-11-28,CRIM SEXUAL ASSAULT,"SCHOOL, PUBLIC, GROUNDS"
2017-01-27,STALKING,CTA BUS STOP
2017-07-06,HOMICIDE,NOT IDENTIFIED
2017-11-16,SEX OFFENSE,CTA STATION
2020-07-31,ARSON,RESIDENCE - PORCH / HALLWAY
2018-06-17,INTERFERENCE WITH PUBLIC OFFICER,POLICE FACILITY/VEH PARKING LOT
2017-03-30,ARSON,NURSING HOME/RETIREMENT HOME
2020-03-10,CRIMINAL SEXUAL ASSAULT,HOSPITAL BUILDING / GROUNDS
2018-05-16,SEX OFFENSE,CTA BUS STOP
2020-10-06,LIQUOR LAW VIOLATION,TAVERN / LIQUOR STORE
2020-09-07,HOMICIDE,NOT IDENTIFIED
2020-07-08,INTIMIDATION,POLICE FACILITY / VEHICLE PARKING LOT
2019-05-10,SEX OFFENSE,NURSING HOME/RETIREMENT HOME
2019-10-28,INTERFERENCE WITH PUBLIC OFFICER,GOVERNMENT BUILDING/PROPERTY
2017-06-26,KIDNAPPING,DAY CARE CENTER
2018-02-12,INTERFERENCE WITH PUBLIC OFFICER,CTA GARAGE / OTHER PROPERTY
2018-01-20,NON-CRIMINAL,POLICE FACILITY/VEH PARKING LOT
2020-05-31,ARSON,PAWN SHOP
2017-03-06,HOMICIDE,NOT IDENTIFIED
2020-07-12,HOMICIDE,PARKING LOT
2020-01-03,HOMICIDE,RETAIL STORE
2018-08-31,SEX OFFENSE,NURSING HOME/RETIREMENT HOME
2017-02-22,INTIMIDATION,GOVERNMENT BUILDING/PROPERTY
2019-07-12,CRIMINAL SEXUAL ASSAULT,NURSING / RETIREMENT HOME
2018-11-13,CRIM SEXUAL ASSAULT,HOSPITAL BUILDING/GROUNDS
2018-12-10,CRIM SEXUAL ASSAULT,CHA APARTMENT
2019-08-26,CRIM SEXUAL ASSAULT,HOSPITAL BUILDING/GROUNDS
2020-02-10,SEX OFFENSE,SCHOOL - PUBLIC BUILDING
2017-12-26,CRIM SEXUAL ASSAULT,HOSPITAL BUILDING/GROUNDS
2018-05-07,CRIM SEXUAL ASSAULT,HOSPITAL BUILDING/GROUNDS
2018-08-09,SEX OFFENSE,HOTEL/MOTEL
2020-08-21,SEX OFFENSE,DAY CARE CENTER
2019-12-09,CRIM SEXUAL ASSAULT,HOTEL/MOTEL
2020-10-10,SEX OFFENSE,HOTEL / MOTEL
2018-10-28,LIQUOR LAW VIOLATION,TAVERN/LIQUOR STORE
2019-09-08,CRIMINAL SEXUAL ASSAULT,APPLIANCE STORE
2019-10-01,CRIMINAL SEXUAL ASSAULT,SCHOOL - PUBLIC BUILDING
2020-05-23,LIQUOR LAW VIOLATION,TAVERN / LIQUOR STORE
2017-06-12,HOMICIDE,CAR WASH
2018-03-05,CRIM SEXUAL ASSAULT,"SCHOOL, PRIVATE, BUILDING"
2019-07-13,SEX OFFENSE,"VEHICLE - OTHER RIDE SHARE SERVICE (E.G., UBER, LYFT)"
2019-05-20,KIDNAPPING,"SCHOOL, PUBLIC, GROUNDS"
2018-07-18,LIQUOR LAW VIOLATION,TAVERN/LIQUOR STORE
2017-11-19,CONCEALED CARRY LICENSE VIOLATION,AIRPORT TERMINAL UPPER LEVEL - SECURE AREA
2020-01-30,CONCEALED CARRY LICENSE VIOLATION,AIRPORT TERMINAL UPPER LEVEL - SECURE AREA
2019-11-27,ARSON,RESIDENCE - PORCH / HALLWAY
2017-01-31,CRIM SEXUAL ASSAULT,BARBERSHOP
2019-07-17,ARSON,RESIDENCE - GARAGE
2017-01-29,SEX OFFENSE,NURSING HOME/RETIREMENT HOME
2018-12-09,CRIM SEXUAL ASSAULT,POLICE FACILITY/VEH PARKING LOT
2020-11-26,HOMICIDE,YARD
2018-03-31,LIQUOR LAW VIOLATION,TAVERN/LIQUOR STORE
2017-07-02,LIQUOR LAW VIOLATION,TAVERN/LIQUOR STORE
2017-04-17,ARSON,ABANDONED BUILDING
2019-04-13,HOMICIDE,BARBER SHOP/BEAUTY SALON
2018-08-31,SEX OFFENSE,"SCHOOL, PUBLIC, GROUNDS"
2019-04-04,LIQUOR LAW VIOLATION,CHA HALLWAY/STAIRWELL/ELEVATOR
2019-11-08,KIDNAPPING,OTHER RAILROAD PROP / TRAIN DEPOT
2017-06-27,INTIMIDATION,GOVERNMENT BUILDING/PROPERTY
2019-07-29,CRIM SEXUAL ASSAULT,BOAT/WATERCRAFT
2019-12-20,CRIMINAL SEXUAL ASSAULT,SCHOOL - PUBLIC BUILDING
2019-07-16,GAMBLING,"SCHOOL, PUBLIC, GROUNDS"
2020-09-13,ARSON,PARKING LOT / GARAGE (NON RESIDENTIAL)
2019-06-19,CRIM SEXUAL ASSAULT,BARBERSHOP
2020-08-27,CRIMINAL SEXUAL ASSAULT,HOTEL / MOTEL
2018-06-11,CRIM SEXUAL ASSAULT,CHA APARTMENT
2019-09-24,SEX OFFENSE,"SCHOOL, PRIVATE, BUILDING"
2019-10-14,CRIMINAL SEXUAL ASSAULT,NURSING / RETIREMENT HOME
2020-06-08,INTIMIDATION,POLICE FACILITY / VEHICLE PARKING LOT
2018-11-10,CRIM SEXUAL ASSAULT,HOSPITAL BUILDING/GROUNDS
2020-01-01,CRIM SEXUAL ASSAULT,"SCHOOL, PRIVATE, BUILDING"
2018-10-26,CRIM SEXUAL ASSAULT,HOTEL/MOTEL
2018-09-17,CRIM SEXUAL ASSAULT,MEDICAL/DENTAL OFFICE
2020-09-05,SEX OFFENSE,HOSPITAL BUILDING / GROUNDS
2018-11-27,SEX OFFENSE,BARBERSHOP
2020-07-04,ARSON,VACANT LOT / LAND
2017-03-30,HOMICIDE,NOT IDENTIFIED
2017-02-21,INTIMIDATION,POLICE FACILITY/VEH PARKING LOT
2019-10-01,CRIMINAL SEXUAL ASSAULT,HOSPITAL BUILDING / GROUNDS
2017-03-13,CRIM SEXUAL ASSAULT,HOTEL/MOTEL
2019-05-28,SEX OFFENSE,SCHOOL - PUBLIC BUILDING
2017-09-09,CRIM SEXUAL ASSAULT,GOVERNMENT BUILDING/PROPERTY
2018-06-20,ARSON,CHA PARKING LOT/GROUNDS
2019-03-08,CRIM SEXUAL ASSAULT,HOSPITAL BUILDING/GROUNDS
2018-12-17,ARSON,"SCHOOL, PRIVATE, BUILDING"
2019-05-11,KIDNAPPING,LIBRARY
2019-03-08,SEX OFFENSE,OTHER COMMERCIAL TRANSPORTATION
2020-12-07,HOMICIDE,HOUSE
2020-11-29,HOMICIDE,GANGWAY
2019-08-14,LIQUOR LAW VIOLATION,TAVERN/LIQUOR STORE
2020-11-08,HOMICIDE,NOT IDENTIFIED
2018-08-30,INTERFERENCE WITH PUBLIC OFFICER,ABANDONED BUILDING
2019-01-20,HOMICIDE,PORCH
2019-12-06,CRIM SEXUAL ASSAULT,NURSING HOME/RETIREMENT HOME
2018-01-22,CRIM SEXUAL ASSAULT,NURSING HOME/RETIREMENT HOME
2020-05-30,HOMICIDE,HOUSE
2020-09-14,CRIMINAL SEXUAL ASSAULT,HOSPITAL BUILDING / GROUNDS
2017-10-26,NON-CRIMINAL,TAXICAB
2017-04-09,CRIM SEXUAL ASSAULT,HOTEL/MOTEL
2017-01-18,LIQUOR LAW VIOLATION,TAVERN/LIQUOR STORE
2020-07-28,HOMICIDE,NOT IDENTIFIED
2019-12-10,INTERFERENCE WITH PUBLIC OFFICER,VACANT LOT/LAND
2017-06-15,STALKING,CTA BUS
2017-07-22,CRIM SEXUAL ASSAULT,WAREHOUSE
2017-12-10,CRIM SEXUAL ASSAULT,HOTEL/MOTEL
2020-10-05,CRIMINAL SEXUAL ASSAULT,HOTEL / MOTEL
2019-10-18,INTERFERENCE WITH PUBLIC OFFICER,SPORTS ARENA/STADIUM
2019-11-04,HOMICIDE,NOT IDENTIFIED
2018-09-05,LIQUOR LAW VIOLATION,TAVERN/LIQUOR STORE
2019-03-20,CRIMINAL SEXUAL ASSAULT,OTHER COMMERCIAL TRANSPORTATION
2020-02-01,SEX OFFENSE,NURSING / RETIREMENT HOME
2019-04-28,HOMICIDE,HOUSE
2017-08-31,LIQUOR LAW VIOLATION,TAVERN/LIQUOR STORE
2020-03-06,CRIMINAL SEXUAL ASSAULT,NURSING / RETIREMENT HOME
2019-07-13,HOMICIDE,"CTA ""L"" PLATFORM"
2018-07-11,NON-CRIMINAL,POLICE FACILITY/VEH PARKING LOT
2017-01-22,CRIM SEXUAL ASSAULT,HOTEL/MOTEL
2020-05-31,ARSON,TAVERN / LIQUOR STORE
2019-11-15,HOMICIDE,NOT IDENTIFIED
2019-03-14,ARSON,CTA STATION
2020-06-17,STALKING,PARKING LOT / GARAGE (NON RESIDENTIAL)
2018-09-14,INTERFERENCE WITH PUBLIC OFFICER,POLICE FACILITY/VEH PARKING LOT
2020-02-17,HOMICIDE,CTA PROPERTY
2020-01-06,CRIMINAL SEXUAL ASSAULT,HOTEL / MOTEL
2017-02-14,HOMICIDE,RETAIL STORE
2017-07-01,CRIM SEXUAL ASSAULT,HOSPITAL BUILDING/GROUNDS
2018-08-18,LIQUOR LAW VIOLATION,TAVERN/LIQUOR STORE
2017-05-08,LIQUOR LAW VIOLATION,TAVERN/LIQUOR STORE
2017-07-28,GAMBLING,CTA BUS STOP
2018-05-31,SEX OFFENSE,CTA STATION
2017-02-09,HOMICIDE,YARD
2018-05-06,SEX OFFENSE,GOVERNMENT BUILDING/PROPERTY
2020-08-26,CRIMINAL SEXUAL ASSAULT,RESIDENCE - YARD (FRONT / BACK)
2020-02-01,CRIMINAL SEXUAL ASSAULT,HOTEL / MOTEL
2017-12-03,CRIM SEXUAL ASSAULT,HOSPITAL BUILDING/GROUNDS
2017-03-27,ARSON,APPLIANCE STORE
2020-01-29,SEX OFFENSE,"SCHOOL, PRIVATE, BUILDING"
2018-01-27,HOMICIDE,NOT IDENTIFIED
2018-12-08,SEX OFFENSE,HOTEL/MOTEL
2020-08-03,SEX OFFENSE,CTA STATION
2020-01-24,CRIMINAL SEXUAL ASSAULT,NURSING / RETIREMENT HOME
2018-09-26,ARSON,ABANDONED BUILDING
2020-08-16,ARSON,RESIDENCE - PORCH / HALLWAY
2018-09-27,SEX OFFENSE,"SCHOOL, PRIVATE, BUILDING"
2017-11-14,CRIMINAL SEXUAL ASSAULT,HOSPITAL BUILDING / GROUNDS
2020-12-02,ARSON,NOT IDENTIFIED / BOAT / RV DEALERSHIP
2020-03-01,CRIMINAL SEXUAL ASSAULT,ABANDONED BUILDING
2019-03-18,CRIMINAL SEXUAL ASSAULT,HOTEL / MOTEL
2020-02-02,LIQUOR LAW VIOLATION,OTHER RAILROAD PROP / TRAIN DEPOT
2017-03-25,CRIM SEXUAL ASSAULT,CHA APARTMENT
2018-11-05,CRIMINAL SEXUAL ASSAULT,HOSPITAL BUILDING / GROUNDS
2020-08-12,INTERFERENCE WITH PUBLIC OFFICER,CHA PARKING LOT / GROUNDS
2018-11-29,KIDNAPPING,"SCHOOL, PUBLIC, GROUNDS"
2018-06-20,GAMBLING,ABANDONED BUILDING
2020-06-21,SEX OFFENSE,CTA PLATFORM
2020-08-11,INTERFERENCE WITH PUBLIC OFFICER,POLICE FACILITY / VEHICLE PARKING LOT
2017-10-07,INTERFERENCE WITH PUBLIC OFFICER,CTA STATION
2019-04-30,CRIMINAL SEXUAL ASSAULT,HOSPITAL BUILDING / GROUNDS
2017-12-25,SEX OFFENSE,NURSING HOME/RETIREMENT HOME
2018-08-24,HOMICIDE,PORCH
2019-04-07,HOMICIDE,PARKING LOT
2018-10-01,CRIM SEXUAL ASSAULT,NURSING HOME/RETIREMENT HOME
2017-10-03,SEX OFFENSE,"SCHOOL, PRIVATE, GROUNDS"
2019-04-25,SEX OFFENSE,HOTEL/MOTEL
2018-12-26,INTERFERENCE WITH PUBLIC OFFICER,DRIVEWAY - RESIDENTIAL
2019-04-02,SEX OFFENSE,NURSING HOME/RETIREMENT HOME
2018-12-07,CRIM SEXUAL ASSAULT,HOTEL/MOTEL
2017-06-19,CRIM SEXUAL ASSAULT,HOTEL/MOTEL
2020-09-30,CRIMINAL SEXUAL ASSAULT,HOTEL / MOTEL
2017-11-01,SEX OFFENSE,"SCHOOL, PRIVATE, BUILDING"
2020-08-28,INTERFERENCE WITH PUBLIC OFFICER,RESIDENCE - YARD (FRONT / BACK)
2020-12-22,SEX OFFENSE,HOSPITAL BUILDING / GROUNDS
2020-02-17,SEX OFFENSE,TAXICAB
2018-05-17,HOMICIDE,NOT IDENTIFIED
2020-10-16,HOMICIDE,VESTIBULE
2017-07-24,HOMICIDE,YARD
2019-10-12,INTERFERENCE WITH PUBLIC OFFICER,CTA PLATFORM
2018-12-03,HOMICIDE,NOT IDENTIFIED
2020-09-07,HOMICIDE,NOT IDENTIFIED
2019-11-22,SEX OFFENSE,"VEHICLE - OTHER RIDE SHARE SERVICE (E.G., UBER, LYFT)"
2017-08-05,HOMICIDE,NOT IDENTIFIED
2017-09-27,SEX OFFENSE,HOSPITAL BUILDING/GROUNDS
2019-06-03,STALKING,AIRPORT EXTERIOR - NON-SECURE AREA
2018-09-11,INTERFERENCE WITH PUBLIC OFFICER,AIRPORT TERMINAL LOWER LEVEL - NON-SECURE AREA
2018-01-22,HOMICIDE,NOT IDENTIFIED
2020-08-03,SEX OFFENSE,SCHOOL - PUBLIC BUILDING
2017-10-09,SEX OFFENSE,CTA BUS STOP
2019-05-19,SEX OFFENSE,HOTEL/MOTEL
2018-10-27,CRIM SEXUAL ASSAULT,HOTEL/MOTEL
2017-05-30,SEX OFFENSE,CTA BUS STOP
2018-03-01,INTERFERENCE WITH PUBLIC OFFICER,GOVERNMENT BUILDING/PROPERTY
2017-10-12,HOMICIDE,HOUSE
2019-01-15,INTIMIDATION,CHA APARTMENT
2019-06-17,KIDNAPPING,"SCHOOL, PRIVATE, BUILDING"
2018-05-24,CRIM SEXUAL ASSAULT,"VEHICLE - OTHER RIDE SHARE SERVICE (E.G., UBER, LYFT)"
2019-05-06,CRIMINAL SEXUAL ASSAULT,HOSPITAL BUILDING / GROUNDS
2018-10-13,INTERFERENCE WITH PUBLIC OFFICER,VACANT LOT/LAND
2018-03-17,CRIM SEXUAL ASSAULT,HOTEL/MOTEL
2018-01-05,INTERFERENCE WITH PUBLIC OFFICER,CTA PLATFORM
2020-10-17,SEX OFFENSE,SCHOOL - PRIVATE GROUNDS
2020-02-19,HOMICIDE,HOTEL
2019-12-09,CONCEALED CARRY LICENSE VIOLATION,AIRPORT TERMINAL UPPER LEVEL - SECURE AREA
2017-02-15,HOMICIDE,HOUSE
2017-11-21,SEX OFFENSE,CHURCH/SYNAGOGUE/PLACE OF WORSHIP
2020-11-29,HOMICIDE,PARKING LOT
2019-08-03,INTERFERENCE WITH PUBLIC OFFICER,POLICE FACILITY/VEH PARKING LOT
2017-06-13,ARSON,CHURCH/SYNAGOGUE/PLACE OF WORSHIP
2020-07-19,CRIMINAL SEXUAL ASSAULT,HOTEL / MOTEL
2017-12-16,NON-CRIMINAL,VEHICLE - OTHER RIDE SERVICE
2020-01-24,CRIMINAL SEXUAL ASSAULT,HOTEL / MOTEL
2018-05-18,LIQUOR LAW VIOLATION,TAVERN/LIQUOR STORE
2017-06-18,CRIM SEXUAL ASSAULT,ABANDONED BUILDING
2017-09-15,SEX OFFENSE,DAY CARE CENTER
2017-10-18,SEX OFFENSE,HOSPITAL BUILDING/GROUNDS
2018-09-29,LIQUOR LAW VIOLATION,TAVERN/LIQUOR STORE
2019-06-19,CRIM SEXUAL ASSAULT,CTA STATION
2017-09-08,HOMICIDE,NOT IDENTIFIED
2020-07-28,INTERFERENCE WITH PUBLIC OFFICER,CTA BUS STOP
2017-05-18,PROSTITUTION,HOTEL/MOTEL
2019-10-18,CRIM SEXUAL ASSAULT,COLLEGE/UNIVERSITY GROUNDS
2018-03-14,SEX OFFENSE,LIBRARY
2018-02-13,HOMICIDE,GOVERNMENT BUILDING
2020-09-20,HOMICIDE,PARKING LOT
2020-10-13,HOMICIDE,YARD
2019-10-01,PUBLIC INDECENCY,"SCHOOL, PUBLIC, GROUNDS"
2020-01-10,LIQUOR LAW VIOLATION,TAVERN/LIQUOR STORE
2019-09-01,SEX OFFENSE,CHURCH/SYNAGOGUE/PLACE OF WORSHIP
2020-01-21,HOMICIDE,PORCH
2018-06-04,CRIMINAL SEXUAL ASSAULT,ABANDONED BUILDING
2019-10-02,CONCEALED CARRY LICENSE VIOLATION,AIRPORT TERMINAL LOWER LEVEL - SECURE AREA
2017-05-25,LIQUOR LAW VIOLATION,TAVERN/LIQUOR STORE
2020-10-15,HOMICIDE,NOT IDENTIFIED
2019-12-15,CRIM SEXUAL ASSAULT,HOSPITAL BUILDING/GROUNDS
2020-07-31,CRIMINAL SEXUAL ASSAULT,HOTEL / MOTEL
2017-07-06,CRIM SEXUAL ASSAULT,CHURCH/SYNAGOGUE/PLACE OF WORSHIP
2020-03-02,CRIMINAL SEXUAL ASSAULT,NURSING / RETIREMENT HOME
2020-05-18,CRIMINAL SEXUAL ASSAULT,HOSPITAL BUILDING / GROUNDS
2020-09-07,INTERFERENCE WITH PUBLIC OFFICER,CHA PARKING LOT / GROUNDS
2020-08-28,LIQUOR LAW VIOLATION,TAVERN / LIQUOR STORE
2017-08-24,HOMICIDE,VACANT LOT
2018-02-25,CRIM SEXUAL ASSAULT,NURSING HOME/RETIREMENT HOME
2020-03-03,SEX OFFENSE,DAY CARE CENTER
2019-07-02,HOMICIDE,RAILROAD PROPERTY
2018-01-21,LIQUOR LAW VIOLATION,TAVERN/LIQUOR STORE
2019-03-20,CRIMINAL SEXUAL ASSAULT,NURSING / RETIREMENT HOME
2018-09-28,CRIM SEXUAL ASSAULT,NURSING HOME/RETIREMENT HOME
2019-06-02,CRIMINAL SEXUAL ASSAULT,HOSPITAL BUILDING / GROUNDS
2017-07-20,HOMICIDE,CTA PROPERTY
2017-12-10,NON-CRIMINAL,BANK
2018-10-16,PROSTITUTION,HOTEL/MOTEL
2019-12-25,CONCEALED CARRY LICENSE VIOLATION,AIRPORT TERMINAL LOWER LEVEL - SECURE AREA
2019-04-16,HOMICIDE,PORCH
2018-10-13,LIQUOR LAW VIOLATION,TAVERN/LIQUOR STORE
2017-06-02,NON-CRIMINAL,AIRPORT TERMINAL UPPER LEVEL - SECURE AREA
2018-03-04,ARSON,CHA APARTMENT
2019-02-14,CRIM SEXUAL ASSAULT,NURSING HOME/RETIREMENT HOME
2019-07-13,CRIMINAL SEXUAL ASSAULT,NURSING / RETIREMENT HOME
2017-03-23,SEX OFFENSE,HOTEL/MOTEL
2018-08-22,SEX OFFENSE,CTA PLATFORM
2017-10-13,SEX OFFENSE,FEDERAL BUILDING
2017-06-21,SEX OFFENSE,CHURCH/SYNAGOGUE/PLACE OF WORSHIP
2017-06-20,SEX OFFENSE,CTA STATION
2019-07-02,STALKING,CTA STATION
2020-11-27,HOMICIDE,PORCH
2020-03-18,SEX OFFENSE,SCHOOL - PUBLIC BUILDING
2019-12-16,INTERFERENCE WITH PUBLIC OFFICER,CTA PLATFORM
2018-01-31,INTIMIDATION,POLICE FACILITY/VEH PARKING LOT
2018-05-07,CONCEALED CARRY LICENSE VIOLATION,VACANT LOT/LAND
2019-06-16,INTERFERENCE WITH PUBLIC OFFICER,CTA BUS STOP
2019-01-01,SEX OFFENSE,DAY CARE CENTER
2017-03-25,CONCEALED CARRY LICENSE VIOLATION,AIRPORT BUILDING NON-TERMINAL - SECURE AREA
2018-12-02,CONCEALED CARRY LICENSE VIOLATION,AIRPORT TERMINAL UPPER LEVEL - SECURE AREA
2017-08-20,HOMICIDE,NOT IDENTIFIED
2019-09-15,CRIMINAL SEXUAL ASSAULT,DAY CARE CENTER
2019-05-23,INTERFERENCE WITH PUBLIC OFFICER,SPORTS ARENA/STADIUM
2019-08-31,HOMICIDE,PORCH
2020-10-10,CRIMINAL SEXUAL ASSAULT,HOTEL / MOTEL
2017-11-17,SEX OFFENSE,ABANDONED BUILDING
2019-11-01,SEX OFFENSE,"SCHOOL, PUBLIC, GROUNDS"
2017-07-04,HOMICIDE,NOT IDENTIFIED
2017-11-19,CRIM SEXUAL ASSAULT,HOTEL/MOTEL
2018-02-25,SEX OFFENSE,TAXICAB
2020-06-21,ARSON,CHA APARTMENT
2017-01-11,STALKING,ATHLETIC CLUB
2018-07-05,HOMICIDE,RIVER BANK
2018-04-19,CRIMINAL SEXUAL ASSAULT,CTA PLATFORM
2017-12-17,HOMICIDE,DRIVEWAY
2017-05-15,INTERFERENCE WITH PUBLIC OFFICER,VACANT LOT/LAND
2020-05-31,ARSON,SAVINGS AND LOAN
2018-05-31,ARSON,ABANDONED BUILDING
2019-04-02,SEX OFFENSE,NURSING HOME/RETIREMENT HOME
2018-04-01,SEX OFFENSE,HOSPITAL BUILDING/GROUNDS
2020-10-25,KIDNAPPING,POLICE FACILITY / VEHICLE PARKING LOT
2018-08-06,HOMICIDE,GAS STATION DRIVE/PROP.
2017-12-09,HOMICIDE,YARD
2017-11-05,HOMICIDE,HOUSE
2019-07-28,CONCEALED CARRY LICENSE VIOLATION,AIRPORT BUILDING NON-TERMINAL - SECURE AREA
2017-07-31,HOMICIDE,NOT IDENTIFIED
2020-09-27,HOMICIDE,HOSPITAL
2019-04-28,INTIMIDATION,CHURCH/SYNAGOGUE/PLACE OF WORSHIP
2017-11-30,SEX OFFENSE,"SCHOOL, PRIVATE, BUILDING"
2019-06-22,CRIMINAL SEXUAL ASSAULT,"VEHICLE - OTHER RIDE SHARE SERVICE (LYFT, UBER, ETC.)"
2019-07-08,CRIM SEXUAL ASSAULT,HOSPITAL BUILDING/GROUNDS
2019-08-14,CRIMINAL SEXUAL ASSAULT,RESIDENCE - PORCH / HALLWAY
2020-08-19,ARSON,RESIDENCE - PORCH / HALLWAY
2018-08-07,CRIM SEXUAL ASSAULT,"SCHOOL, PUBLIC, GROUNDS"
2017-04-13,PROSTITUTION,HOTEL/MOTEL
2018-10-10,INTIMIDATION,FEDERAL BUILDING
2017-05-28,CRIM SEXUAL ASSAULT,NURSING HOME/RETIREMENT HOME
2020-07-23,HOMICIDE,VACANT LOT
2020-10-20,SEX OFFENSE,NURSING / RETIREMENT HOME
2019-03-21,SEX OFFENSE,"SCHOOL, PRIVATE, BUILDING"
2017-10-26,HOMICIDE,YARD
2019-10-30,INTERFERENCE WITH PUBLIC OFFICER,ABANDONED BUILDING
2020-11-05,HOMICIDE,BARBER SHOP/BEAUTY SALON
2020-01-08,INTERFERENCE WITH PUBLIC OFFICER,GOVERNMENT BUILDING/PROPERTY
2018-11-06,CRIM SEXUAL ASSAULT,HOTEL/MOTEL
2018-05-06,SEX OFFENSE,NURSING HOME/RETIREMENT HOME
2018-02-20,SEX OFFENSE,HOSPITAL BUILDING/GROUNDS
2020-07-30,LIQUOR LAW VIOLATION,TAVERN / LIQUOR STORE
2018-08-18,HOMICIDE,YARD
2018-05-03,CRIM SEXUAL ASSAULT,HOSPITAL BUILDING/GROUNDS
2020-11-30,HOMICIDE,PARKING LOT
2018-07-14,LIQUOR LAW VIOLATION,TAVERN/LIQUOR STORE
2017-07-09,HOMICIDE,"CTA ""L"" PLATFORM"
2018-02-05,HOMICIDE,VACANT LOT
2020-09-14,SEX OFFENSE,VEHICLE - DELIVERY TRUCK
2019-04-13,CONCEALED CARRY LICENSE VIOLATION,AIRPORT BUILDING NON-TERMINAL - SECURE AREA
2020-10-02,HOMICIDE,STAIRWELL
2018-05-04,SEX OFFENSE,"SCHOOL, PRIVATE, BUILDING"
2019-09-10,CRIM SEXUAL ASSAULT,HOSPITAL BUILDING/GROUNDS
2017-08-07,GAMBLING,"SCHOOL, PUBLIC, GROUNDS"
2020-06-21,CRIMINAL SEXUAL ASSAULT,HOTEL / MOTEL
2017-02-22,HOMICIDE,YARD
2017-11-10,NON-CRIMINAL,POLICE FACILITY/VEH PARKING LOT
2020-07-31,LIQUOR LAW VIOLATION,TAVERN / LIQUOR STORE
2018-08-09,INTIMIDATION,GOVERNMENT BUILDING/PROPERTY
2020-05-24,CRIMINAL SEXUAL ASSAULT,HOSPITAL BUILDING / GROUNDS
2019-02-11,INTERFERENCE WITH PUBLIC OFFICER,CTA PLATFORM
2018-05-17,SEX OFFENSE,NURSING HOME/RETIREMENT HOME
2019-05-13,INTERFERENCE WITH PUBLIC OFFICER,VACANT LOT/LAND
2018-05-17,CRIM SEXUAL ASSAULT,NOT IDENTIFIED / BOAT / RV DEALERSHIP
2019-11-01,SEX OFFENSE,HOSPITAL BUILDING/GROUNDS
2017-05-17,CRIM SEXUAL ASSAULT,"SCHOOL, PUBLIC, GROUNDS"
2017-05-18,PROSTITUTION,HOTEL/MOTEL
2017-05-20,CRIM SEXUAL ASSAULT,HOTEL/MOTEL
2018-11-19,HOMICIDE,HOSPITAL
2020-03-02,CRIMINAL SEXUAL ASSAULT,NURSING / RETIREMENT HOME
2017-01-31,SEX OFFENSE,AIRCRAFT
2018-05-10,CONCEALED CARRY LICENSE VIOLATION,AIRPORT TERMINAL UPPER LEVEL - SECURE AREA
2020-10-06,HOMICIDE,NOT IDENTIFIED
2019-11-17,CRIMINAL SEXUAL ASSAULT,PARKING LOT / GARAGE (NON RESIDENTIAL)
2018-04-02,CRIM SEXUAL ASSAULT,HOTEL/MOTEL
2020-07-21,SEX OFFENSE,CTA PLATFORM
2017-10-07,INTERFERENCE WITH PUBLIC OFFICER,ABANDONED BUILDING
2017-07-31,NON-CRIMINAL,POLICE FACILITY/VEH PARKING LOT
2018-09-16,CRIM SEXUAL ASSAULT,VEHICLE-COMMERCIAL
2018-09-18,CRIM SEXUAL ASSAULT,HOTEL/MOTEL
2020-10-15,HOMICIDE,NOT IDENTIFIED
2020-07-15,SEX OFFENSE,RESIDENCE - PORCH / HALLWAY
2019-11-14,CRIMINAL SEXUAL ASSAULT,HOSPITAL BUILDING / GROUNDS
2017-12-03,SEX OFFENSE,ATHLETIC CLUB
2020-09-06,HOMICIDE,HOUSE
2019-09-10,CRIM SEXUAL ASSAULT,NURSING HOME/RETIREMENT HOME
2019-08-07,INTERFERENCE WITH PUBLIC OFFICER,CTA BUS STOP
2018-10-01,CONCEALED CARRY LICENSE VIOLATION,AIRPORT TERMINAL UPPER LEVEL - SECURE AREA
2019-12-14,ARSON,RESIDENCE - GARAGE
2017-11-16,KIDNAPPING,CTA BUS STOP
2020-01-23,SEX OFFENSE,CTA BUS
2019-01-21,SEX OFFENSE,CTA BUS
2017-01-25,CONCEALED CARRY LICENSE VIOLATION,AIRPORT TERMINAL UPPER LEVEL - SECURE AREA
2019-10-22,SEX OFFENSE,"VEHICLE - OTHER RIDE SHARE SERVICE (E.G., UBER, LYFT)"
2019-08-27,CRIM SEXUAL ASSAULT,HOSPITAL BUILDING/GROUNDS
2017-03-24,CRIMINAL SEXUAL ASSAULT,HOTEL / MOTEL
2020-12-20,SEX OFFENSE,WAREHOUSE
2019-02-16,INTERFERENCE WITH PUBLIC OFFICER,HOSPITAL BUILDING/GROUNDS
2017-04-18,PROSTITUTION,HOTEL/MOTEL
2019-03-13,INTERFERENCE WITH PUBLIC OFFICER,CTA STATION
2019-08-14,INTERFERENCE WITH PUBLIC OFFICER,POLICE FACILITY/VEH PARKING LOT
2020-03-17,PUBLIC INDECENCY,CTA BUS
2018-03-22,SEX OFFENSE,"VEHICLE - OTHER RIDE SHARE SERVICE (E.G., UBER, LYFT)"
2019-08-21,CRIMINAL SEXUAL ASSAULT,AIRPORT PARKING LOT
2019-12-06,HOMICIDE,NOT IDENTIFIED
2019-11-26,SEX OFFENSE,SCHOOL - PRIVATE BUILDING
2018-07-28,CRIM SEXUAL ASSAULT,HOTEL/MOTEL
2020-09-30,ARSON,VACANT LOT / LAND
2017-10-12,HOMICIDE,NOT IDENTIFIED
2018-07-24,OBSCENITY,CTA BUS STOP
2017-10-14,CRIM SEXUAL ASSAULT,COLLEGE/UNIVERSITY GROUNDS
2017-06-19,CRIM SEXUAL ASSAULT,LAKEFRONT/WATERFRONT/RIVERBANK
2017-10-03,CRIM SEXUAL ASSAULT,HOSPITAL BUILDING/GROUNDS
2018-08-25,CRIM SEXUAL ASSAULT,HOSPITAL BUILDING/GROUNDS
2018-02-24,STALKING,HOSPITAL BUILDING/GROUNDS
2017-08-18,HOMICIDE,NOT IDENTIFIED
2020-02-12,SEX OFFENSE,PARKING LOT / GARAGE (NON RESIDENTIAL)
2020-10-08,SEX OFFENSE,LAKEFRONT / WATERFRONT / RIVERBANK
2018-01-18,LIQUOR LAW VIOLATION,TAVERN/LIQUOR STORE
2020-07-21,HUMAN TRAFFICKING,HOSPITAL BUILDING / GROUNDS
2018-07-03,CRIM SEXUAL ASSAULT,HOSPITAL BUILDING/GROUNDS
2020-11-09,HOMICIDE,HOUSE
2020-10-03,CRIMINAL SEXUAL ASSAULT,VACANT LOT / LAND
2018-08-03,LIQUOR LAW VIOLATION,TAVERN/LIQUOR STORE
2018-07-11,HOMICIDE,YARD
2017-12-05,SEX OFFENSE,"SCHOOL, PUBLIC, GROUNDS"
2020-12-23,SEX OFFENSE,ATHLETIC CLUB
2020-10-25,PROSTITUTION,PARKING LOT / GARAGE (NON RESIDENTIAL)
2018-05-14,CRIM SEXUAL ASSAULT,HOSPITAL BUILDING/GROUNDS
2020-06-16,SEX OFFENSE,NURSING / RETIREMENT HOME
2017-07-04,KIDNAPPING,VEHICLE-COMMERCIAL
2017-08-24,CRIM SEXUAL ASSAULT,HOTEL/MOTEL
2020-09-19,CRIMINAL SEXUAL ASSAULT,HOSPITAL BUILDING / GROUNDS
2018-04-26,LIQUOR LAW VIOLATION,TAVERN/LIQUOR STORE
2020-11-08,HOMICIDE,PARKING LOT
2020-10-29,ARSON,RESIDENCE - PORCH / HALLWAY
2017-01-09,HOMICIDE,NOT IDENTIFIED
2019-01-07,HOMICIDE,PARKING LOT
2017-11-02,HOMICIDE,NOT IDENTIFIED
2018-11-08,HOMICIDE,HOUSE
2020-04-08,HOMICIDE,NOT IDENTIFIED
2017-03-27,SEX OFFENSE,"SCHOOL, PUBLIC, GROUNDS"
2018-11-01,GAMBLING,CTA BUS STOP
2020-08-14,HOMICIDE,NOT IDENTIFIED
2020-12-20,HOMICIDE,HOUSE
2017-07-03,CRIM SEXUAL ASSAULT,HOTEL/MOTEL
2019-08-02,SEX OFFENSE,NURSING HOME/RETIREMENT HOME
2017-05-11,SEX OFFENSE,HOSPITAL BUILDING/GROUNDS
2017-04-30,CRIM SEXUAL ASSAULT,HOSPITAL BUILDING/GROUNDS
2020-01-04,INTERFERENCE WITH PUBLIC OFFICER,POLICE FACILITY/VEH PARKING LOT
2019-08-24,CRIMINAL SEXUAL ASSAULT,HOSPITAL BUILDING / GROUNDS
2018-04-25,LIQUOR LAW VIOLATION,TAVERN/LIQUOR STORE
2020-01-01,CRIM SEXUAL ASSAULT,HOSPITAL BUILDING/GROUNDS
2017-02-22,HOMICIDE,GARAGE
2017-04-18,PROSTITUTION,HOTEL/MOTEL
2017-11-06,CRIM SEXUAL ASSAULT,HOSPITAL BUILDING/GROUNDS
2019-07-05,LIQUOR LAW VIOLATION,TAVERN/LIQUOR STORE
2018-03-21,INTERFERENCE WITH PUBLIC OFFICER,ABANDONED BUILDING
2018-08-12,CRIM SEXUAL ASSAULT,DAY CARE CENTER
2018-06-27,CRIM SEXUAL ASSAULT,"SCHOOL, PUBLIC, GROUNDS"
2020-07-23,ARSON,RESIDENCE - GARAGE
2017-10-01,ARSON,ABANDONED BUILDING
2017-11-13,HOMICIDE,HOUSE
2019-12-02,SEX OFFENSE,CTA BUS
2019-06-29,INTERFERENCE WITH PUBLIC OFFICER,CHA PARKING LOT/GROUNDS
2019-01-20,CRIM SEXUAL ASSAULT,HOTEL/MOTEL
2018-09-04,INTERFERENCE WITH PUBLIC OFFICER,POLICE FACILITY/VEH PARKING LOT
2020-08-02,KIDNAPPING,PARKING LOT / GARAGE (NON RESIDENTIAL)
2018-07-18,CRIM SEXUAL ASSAULT,HOTEL/MOTEL
2019-11-08,INTERFERENCE WITH PUBLIC OFFICER,HOTEL/MOTEL
2020-09-15,SEX OFFENSE,SCHOOL - PRIVATE BUILDING
2019-08-06,SEX OFFENSE,"SCHOOL, PRIVATE, BUILDING"
2018-12-13,KIDNAPPING,"VEHICLE - OTHER RIDE SHARE SERVICE (E.G., UBER, LYFT)"
2017-08-31,ARSON,VACANT LOT/LAND
2018-06-10,HOMICIDE,HOUSE
2020-07-16,HOMICIDE,RETAIL STORE
2019-06-06,SEX OFFENSE,"SCHOOL, PUBLIC, GROUNDS"
2018-07-01,HOMICIDE,NOT IDENTIFIED
2018-11-24,INTERFERENCE WITH PUBLIC OFFICER,CTA PLATFORM
2020-11-29,HOMICIDE,PORCH
2019-08-06,INTERFERENCE WITH PUBLIC OFFICER,AIRPORT TERMINAL UPPER LEVEL - SECURE AREA
2017-02-17,INTERFERENCE WITH PUBLIC OFFICER,POLICE FACILITY/VEH PARKING LOT
2019-03-01,CRIM SEXUAL ASSAULT,HOTEL/MOTEL
2018-11-24,INTERFERENCE WITH PUBLIC OFFICER,POLICE FACILITY/VEH PARKING LOT
2017-11-04,SEX OFFENSE,HOTEL/MOTEL
2019-03-09,INTERFERENCE WITH PUBLIC OFFICER,POLICE FACILITY/VEH PARKING LOT
2018-07-21,HOMICIDE,NOT IDENTIFIED
2018-07-26,OBSCENITY,ATHLETIC CLUB
2018-03-06,LIQUOR LAW VIOLATION,TAVERN/LIQUOR STORE
2020-04-05,HOMICIDE,CLUB
2018-11-07,CRIM SEXUAL ASSAULT,HOSPITAL BUILDING/GROUNDS
2019-11-04,CRIMINAL SEXUAL ASSAULT,RESIDENCE - PORCH / HALLWAY
2019-02-22,INTERFERENCE WITH PUBLIC OFFICER,CTA PLATFORM
2019-01-12,CRIMINAL SEXUAL ASSAULT,HOSPITAL BUILDING / GROUNDS
2018-09-14,CRIM SEXUAL ASSAULT,"SCHOOL, PUBLIC, GROUNDS"
2018-03-03,HUMAN TRAFFICKING,HOTEL/MOTEL
2020-11-05,CRIMINAL SEXUAL ASSAULT,HOTEL / MOTEL
2018-04-25,LIQUOR LAW VIOLATION,CTA PLATFORM
2019-09-13,ARSON,SCHOOL - PUBLIC BUILDING
2018-05-25,CRIM SEXUAL ASSAULT,DAY CARE CENTER
2017-07-28,CRIM SEXUAL ASSAULT,"SCHOOL, PUBLIC, GROUNDS"
2019-06-13,HOMICIDE,RETAIL STORE
2017-01-21,SEX OFFENSE,VEHICLE - OTHER RIDE SERVICE
2020-11-02,HOMICIDE,GAS STATION DRIVE/PROP.
2020-04-28,INTIMIDATION,PARKING LOT / GARAGE (NON RESIDENTIAL)
2019-04-27,KIDNAPPING,CTA BUS STOP
2018-02-02,HOMICIDE,HOTEL
2018-08-20,CRIM SEXUAL ASSAULT,HOTEL/MOTEL
2018-10-18,SEX OFFENSE,"SCHOOL, PRIVATE, BUILDING"
2018-03-17,HOMICIDE,YARD
2017-02-26,LIQUOR LAW VIOLATION,TAVERN/LIQUOR STORE
2020-08-13,LIQUOR LAW VIOLATION,TAVERN / LIQUOR STORE
2019-09-17,CRIMINAL SEXUAL ASSAULT,NURSING / RETIREMENT HOME
2018-03-17,CRIM SEXUAL ASSAULT,ABANDONED BUILDING
2020-07-25,ARSON,RESIDENCE - GARAGE
2018-08-18,HOMICIDE,YARD
2019-12-17,INTIMIDATION,GOVERNMENT BUILDING/PROPERTY
2018-03-07,SEX OFFENSE,CTA BUS STOP
2018-10-27,LIQUOR LAW VIOLATION,TAVERN/LIQUOR STORE
2019-01-02,CONCEALED CARRY LICENSE VIOLATION,VEHICLE-COMMERCIAL
2017-06-16,NON-CRIMINAL,AIRPORT TERMINAL UPPER LEVEL - SECURE AREA
2018-10-19,NON-CRIMINAL,AIRPORT TERMINAL UPPER LEVEL - SECURE AREA
2017-07-31,SEX OFFENSE,LIBRARY
2020-10-16,SEX OFFENSE,VEHICLE - COMMERCIAL
2019-08-05,INTERFERENCE WITH PUBLIC OFFICER,CTA BUS STOP
2018-10-13,CRIM SEXUAL ASSAULT,CTA STATION
2018-05-01,SEX OFFENSE,HOTEL / MOTEL
2017-02-18,HOMICIDE,NOT IDENTIFIED
2018-12-27,SEX OFFENSE,WAREHOUSE
2017-02-19,SEX OFFENSE,HOSPITAL BUILDING/GROUNDS
2019-01-24,CRIM SEXUAL ASSAULT,CHA APARTMENT
2018-02-17,INTERFERENCE WITH PUBLIC OFFICER,POLICE FACILITY/VEH PARKING LOT
2017-06-20,SEX OFFENSE,CTA STATION
2019-03-26,CRIMINAL SEXUAL ASSAULT,HOTEL / MOTEL
2018-06-12,HOMICIDE,GARAGE
2019-06-11,SEX OFFENSE,"SCHOOL, PRIVATE, BUILDING"
2018-01-19,INTERFERENCE WITH PUBLIC OFFICER,POLICE FACILITY/VEH PARKING LOT
2020-08-28,CRIMINAL SEXUAL ASSAULT,HOTEL / MOTEL
2019-09-22,CRIM SEXUAL ASSAULT,HOSPITAL BUILDING/GROUNDS
2018-09-28,HUMAN TRAFFICKING,BARBERSHOP
2019-12-11,ARSON,RESIDENCE - PORCH / HALLWAY
2019-06-23,CRIM SEXUAL ASSAULT,VACANT LOT/LAND
2018-04-09,CONCEALED CARRY LICENSE VIOLATION,AIRPORT TERMINAL UPPER LEVEL - SECURE AREA
2017-03-05,CRIM SEXUAL ASSAULT,HOTEL/MOTEL
2020-02-21,SEX OFFENSE,CTA BUS STOP
2017-11-23,ARSON,BRIDGE
2018-05-05,ARSON,BARBERSHOP
2018-09-04,CRIM SEXUAL ASSAULT,HOSPITAL BUILDING/GROUNDS
2018-08-15,SEX OFFENSE,CTA PLATFORM
2018-09-08,CRIM SEXUAL ASSAULT,HOTEL/MOTEL
2020-08-23,CRIMINAL SEXUAL ASSAULT,HOTEL / MOTEL
2017-04-13,SEX OFFENSE,OTHER RAILROAD PROP / TRAIN DEPOT
2020-11-03,ARSON,RESIDENCE - GARAGE
2020-10-20,SEX OFFENSE,HOSPITAL BUILDING / GROUNDS
2018-05-24,SEX OFFENSE,DAY CARE CENTER
2017-11-11,CRIM SEXUAL ASSAULT,"VEHICLE - OTHER RIDE SHARE SERVICE (E.G., UBER, LYFT)"
2020-08-22,LIQUOR LAW VIOLATION,TAVERN / LIQUOR STORE
2017-04-24,CRIM SEXUAL ASSAULT,"SCHOOL, PRIVATE, BUILDING"
2018-07-31,INTERFERENCE WITH PUBLIC OFFICER,CTA PLATFORM
2018-10-11,SEX OFFENSE,LIBRARY
2018-09-05,CRIM SEXUAL ASSAULT,COLLEGE/UNIVERSITY RESIDENCE HALL
2018-05-08,LIQUOR LAW VIOLATION,TAVERN/LIQUOR STORE
2018-02-18,CRIM SEXUAL ASSAULT,NOT IDENTIFIED / BOAT / RV DEALERSHIP
2018-03-11,ARSON,HOTEL/MOTEL
2019-10-22,HOMICIDE,YARD
2017-01-19,HOMICIDE,HOUSE
2018-02-24,CRIMINAL SEXUAL ASSAULT,DAY CARE CENTER
2019-05-31,SEX OFFENSE,AIRCRAFT
2020-11-16,CRIMINAL SEXUAL ASSAULT,TAVERN / LIQUOR STORE
2020-04-24,SEX OFFENSE,HOSPITAL BUILDING / GROUNDS
2020-06-29,HOMICIDE,MOTEL
2019-07-05,CRIMINAL SEXUAL ASSAULT,HOTEL / MOTEL
2018-07-22,CRIM SEXUAL ASSAULT,HOSPITAL BUILDING/GROUNDS
2019-02-27,KIDNAPPING,"SCHOOL, PUBLIC, GROUNDS"
2017-03-10,CRIM SEXUAL ASSAULT,HOTEL/MOTEL
2020-02-22,LIQUOR LAW VIOLATION,TAVERN/LIQUOR STORE
2020-01-30,INTERFERENCE WITH PUBLIC OFFICER,POLICE FACILITY/VEH PARKING LOT
2020-09-17,INTERFERENCE WITH PUBLIC OFFICER,VACANT LOT / LAND
2020-08-01,SEX OFFENSE,CTA BUS
2019-12-03,CRIMINAL SEXUAL ASSAULT,HOSPITAL BUILDING / GROUNDS
2018-04-30,HOMICIDE,NOT IDENTIFIED
2018-10-03,SEX OFFENSE,VEHICLE-COMMERCIAL - TROLLEY BUS
2018-06-27,CRIM SEXUAL ASSAULT,HOSPITAL BUILDING/GROUNDS
2019-07-13,HOMICIDE,PORCH
2020-03-01,CRIMINAL SEXUAL ASSAULT,SCHOOL - PUBLIC BUILDING
2019-01-01,CRIMINAL SEXUAL ASSAULT,SCHOOL - PUBLIC BUILDING
2018-11-13,CRIM SEXUAL ASSAULT,HOSPITAL BUILDING/GROUNDS
2017-04-22,CRIM SEXUAL ASSAULT,CHURCH/SYNAGOGUE/PLACE OF WORSHIP
2017-11-29,STALKING,"SCHOOL, PRIVATE, BUILDING"
2020-03-02,INTIMIDATION,SCHOOL - PUBLIC BUILDING
2020-07-02,LIQUOR LAW VIOLATION,TAVERN / LIQUOR STORE
2018-05-22,ARSON,VACANT LOT/LAND
2017-10-17,KIDNAPPING,"SCHOOL, PUBLIC, GROUNDS"
2020-07-16,HOMICIDE,NOT IDENTIFIED
2019-10-09,CRIM SEXUAL ASSAULT,CTA BUS STOP
2019-04-10,CONCEALED CARRY LICENSE VIOLATION,AIRPORT TERMINAL UPPER LEVEL - SECURE AREA
2018-09-30,SEX OFFENSE,COLLEGE / UNIVERSITY - RESIDENCE HALL
2020-11-24,CRIMINAL SEXUAL ASSAULT,HOTEL / MOTEL
2019-04-16,CRIM SEXUAL ASSAULT,HOTEL/MOTEL
2020-12-29,CRIMINAL SEXUAL ASSAULT,HOTEL / MOTEL
2017-02-19,PUBLIC INDECENCY,ATHLETIC CLUB
2017-09-07,LIQUOR LAW VIOLATION,TAVERN/LIQUOR STORE
2018-03-20,SEX OFFENSE,HOTEL/MOTEL
2018-01-23,HOMICIDE,NOT IDENTIFIED
2019-07-08,ARSON,RESIDENCE - GARAGE
2019-02-17,CRIM SEXUAL ASSAULT,HOSPITAL BUILDING/GROUNDS
2018-08-26,CRIM SEXUAL ASSAULT,VACANT LOT/LAND
2019-05-06,HOMICIDE,YARD
2019-07-02,SEX OFFENSE,CTA BUS STOP
2020-08-30,ARSON,RESIDENCE - GARAGE
2017-01-27,LIQUOR LAW VIOLATION,TAVERN/LIQUOR STORE
2017-11-07,INTERFERENCE WITH PUBLIC OFFICER,POLICE FACILITY/VEH PARKING LOT
2019-08-20,CRIMINAL SEXUAL ASSAULT,PARKING LOT / GARAGE (NON RESIDENTIAL)
2020-03-26,CRIMINAL SEXUAL ASSAULT,SCHOOL - PUBLIC GROUNDS
2020-12-22,SEX OFFENSE,POLICE FACILITY / VEHICLE PARKING LOT
2018-06-15,LIQUOR LAW VIOLATION,"SCHOOL, PUBLIC, GROUNDS"
2017-08-11,GAMBLING,"SCHOOL, PUBLIC, GROUNDS"
2018-10-29,CRIM SEXUAL ASSAULT,MEDICAL/DENTAL OFFICE
2020-03-30,INTERFERENCE WITH PUBLIC OFFICER,PARKING LOT / GARAGE (NON RESIDENTIAL)
2020-08-14,HOMICIDE,NOT IDENTIFIED
2017-07-15,HOMICIDE,NOT IDENTIFIED
2018-12-01,OBSCENITY,CHA HALLWAY/STAIRWELL/ELEVATOR
2020-12-01,SEX OFFENSE,HOSPITAL BUILDING / GROUNDS
2020-07-16,ARSON,PARKING LOT / GARAGE (NON RESIDENTIAL)
2018-08-18,CRIMINAL SEXUAL ASSAULT,TAXICAB
2018-06-15,LIQUOR LAW VIOLATION,TAVERN/LIQUOR STORE
2017-02-20,LIQUOR LAW VIOLATION,TAVERN/LIQUOR STORE
2018-03-15,INTIMIDATION,GOVERNMENT BUILDING/PROPERTY
2019-09-07,HOMICIDE,PARKING LOT
2019-02-04,CRIMINAL SEXUAL ASSAULT,HOTEL / MOTEL
2017-07-10,SEX OFFENSE,CTA STATION
2017-08-26,CRIM SEXUAL ASSAULT,HOTEL/MOTEL
2018-01-28,CRIM SEXUAL ASSAULT,CHA APARTMENT
2019-04-29,HOMICIDE,HOUSE
2020-01-24,INTERFERENCE WITH PUBLIC OFFICER,JAIL / LOCK-UP FACILITY
2020-02-03,SEX OFFENSE,SCHOOL - PUBLIC BUILDING
2018-04-01,SEX OFFENSE,DAY CARE CENTER
2017-07-01,INTERFERENCE WITH PUBLIC OFFICER,VEHICLE - OTHER RIDE SERVICE
2020-06-25,HOMICIDE,NOT IDENTIFIED
2020-09-23,CONCEALED CARRY LICENSE VIOLATION,AIRPORT TERMINAL UPPER LEVEL - SECURE AREA
2019-05-28,CONCEALED CARRY LICENSE VIOLATION,AIRPORT TERMINAL UPPER LEVEL - SECURE AREA
2020-05-30,HOMICIDE,NOT IDENTIFIED
2019-04-30,CRIMINAL SEXUAL ASSAULT,NURSING / RETIREMENT HOME
2017-11-21,CRIM SEXUAL ASSAULT,DRUG STORE
2020-01-28,KIDNAPPING,CTA BUS STOP
2017-04-06,KIDNAPPING,"SCHOOL, PRIVATE, BUILDING"
2018-08-07,SEX OFFENSE,HOSPITAL BUILDING/GROUNDS
2019-01-19,SEX OFFENSE,HOSPITAL BUILDING/GROUNDS
2019-01-11,HOMICIDE,NOT IDENTIFIED
2019-06-10,ARSON,VACANT LOT/LAND
2017-11-05,CRIM SEXUAL ASSAULT,HOTEL/MOTEL
2019-09-18,INTIMIDATION,HOTEL/MOTEL
2017-07-09,LIQUOR LAW VIOLATION,TAVERN/LIQUOR STORE
2020-05-23,HOMICIDE,PORCH
2018-04-03,LIQUOR LAW VIOLATION,TAVERN/LIQUOR STORE
2017-02-15,LIQUOR LAW VIOLATION,TAVERN/LIQUOR STORE
2019-09-11,CONCEALED CARRY LICENSE VIOLATION,AIRPORT TERMINAL UPPER LEVEL - SECURE AREA
2017-02-01,SEX OFFENSE,WAREHOUSE
2018-03-23,LIQUOR LAW VIOLATION,TAVERN/LIQUOR STORE
2018-10-18,CONCEALED CARRY LICENSE VIOLATION,AIRPORT TERMINAL UPPER LEVEL - SECURE AREA
2018-01-08,SEX OFFENSE,"SCHOOL, PRIVATE, BUILDING"
2020-01-10,PROSTITUTION,TAVERN/LIQUOR STORE
2019-05-30,SEX OFFENSE,CTA BUS
2018-06-01,LIQUOR LAW VIOLATION,TAVERN/LIQUOR STORE
2017-02-11,CRIM SEXUAL ASSAULT,OTHER RAILROAD PROP / TRAIN DEPOT
2017-09-29,HOMICIDE,PORCH
2018-05-03,SEX OFFENSE,CTA BUS STOP
2019-08-11,CRIMINAL SEXUAL ASSAULT,HOTEL / MOTEL
2019-04-12,INTERFERENCE WITH PUBLIC OFFICER,POLICE FACILITY/VEH PARKING LOT
2017-04-24,HOMICIDE,PORCH
2017-02-15,HOMICIDE,HOUSE
2019-10-13,INTERFERENCE WITH PUBLIC OFFICER,POLICE FACILITY/VEH PARKING LOT
2019-10-07,CRIMINAL SEXUAL ASSAULT,RESIDENCE - GARAGE
2020-05-31,HOMICIDE,RETAIL STORE
2018-02-06,CONCEALED CARRY LICENSE VIOLATION,AIRPORT PARKING LOT
2019-06-12,ARSON,VACANT LOT/LAND
2020-11-22,STALKING,POLICE FACILITY / VEHICLE PARKING LOT
2018-12-24,HOMICIDE,HOUSE
2020-06-20,ARSON,TAVERN / LIQUOR STORE
2017-04-02,CRIM SEXUAL ASSAULT,HOTEL/MOTEL
2018-12-16,CRIM SEXUAL ASSAULT,HOTEL/MOTEL
2018-05-01,SEX OFFENSE,LAKEFRONT / WATERFRONT / RIVERBANK
2017-08-06,CRIM SEXUAL ASSAULT,HOTEL/MOTEL
2020-06-08,SEX OFFENSE,VEHICLE - COMMERCIAL
2018-10-20,HOMICIDE,NOT IDENTIFIED
2020-10-06,LIQUOR LAW VIOLATION,TAVERN / LIQUOR STORE
2019-04-12,KIDNAPPING,"SCHOOL, PRIVATE, BUILDING"
2019-10-10,CRIM SEXUAL ASSAULT,HOTEL/MOTEL
2019-08-30,LIQUOR LAW VIOLATION,BARBERSHOP
2020-10-05,HOMICIDE,PARKING LOT
2020-05-30,ARSON,RESIDENCE - YARD (FRONT / BACK)
2020-07-20,ARSON,RESIDENCE - GARAGE
2017-11-07,NON-CRIMINAL,AIRPORT BUILDING NON-TERMINAL - SECURE AREA
2017-08-10,HOMICIDE,HOUSE
2018-07-09,HOMICIDE,CTA BUS
2020-11-08,CONCEALED CARRY LICENSE VIOLATION,AIRPORT TERMINAL UPPER LEVEL - SECURE AREA
2020-12-27,CONCEALED CARRY LICENSE VIOLATION,AIRPORT BUILDING NON-TERMINAL - SECURE AREA
2017-03-19,SEX OFFENSE,"SCHOOL, PUBLIC, GROUNDS"
2019-12-08,SEX OFFENSE,CTA BUS
2018-01-18,ARSON,CTA PLATFORM
2019-06-17,INTERFERENCE WITH PUBLIC OFFICER,POLICE FACILITY/VEH PARKING LOT
2018-05-25,LIQUOR LAW VIOLATION,"SCHOOL, PUBLIC, GROUNDS"
2018-08-09,SEX OFFENSE,NURSING HOME/RETIREMENT HOME
2020-08-07,INTERFERENCE WITH PUBLIC OFFICER,PARKING LOT / GARAGE (NON RESIDENTIAL)
2020-09-10,HOMICIDE,VESTIBULE
2020-08-19,SEX OFFENSE,SCHOOL - PRIVATE BUILDING
2017-06-05,INTERFERENCE WITH PUBLIC OFFICER,POLICE FACILITY/VEH PARKING LOT
2019-08-19,INTERFERENCE WITH PUBLIC OFFICER,CHA PARKING LOT/GROUNDS
2017-11-18,CRIMINAL SEXUAL ASSAULT,ABANDONED BUILDING
2017-02-25,ARSON,VACANT LOT/LAND
2019-02-12,CRIM SEXUAL ASSAULT,ABANDONED BUILDING
2019-11-07,CONCEALED CARRY LICENSE VIOLATION,AIRPORT TERMINAL UPPER LEVEL - SECURE AREA
2020-08-25,CRIMINAL SEXUAL ASSAULT,HOSPITAL BUILDING / GROUNDS
2018-09-08,SEX OFFENSE,NURSING HOME/RETIREMENT HOME
2018-01-06,CRIM SEXUAL ASSAULT,ATHLETIC CLUB
2018-10-01,CRIM SEXUAL ASSAULT,"SCHOOL, PUBLIC, GROUNDS"
2019-05-28,CRIM SEXUAL ASSAULT,HOSPITAL BUILDING/GROUNDS
2018-08-30,HOMICIDE,PARKING LOT
2018-12-04,INTERFERENCE WITH PUBLIC OFFICER,POLICE FACILITY/VEH PARKING LOT
2017-01-21,HOMICIDE,NOT IDENTIFIED
2017-01-01,INTIMIDATION,JAIL / LOCK-UP FACILITY
2017-07-18,HOMICIDE,HOUSE
2017-02-24,CRIM SEXUAL ASSAULT,COLLEGE/UNIVERSITY RESIDENCE HALL
2017-04-13,PROSTITUTION,HOTEL/MOTEL
2018-07-19,SEX OFFENSE,TAXICAB
2019-01-13,ARSON,NURSING HOME/RETIREMENT HOME
2018-06-09,SEX OFFENSE,CTA BUS
2019-08-08,CONCEALED CARRY LICENSE VIOLATION,AIRPORT TERMINAL UPPER LEVEL - SECURE AREA
2019-03-25,CONCEALED CARRY LICENSE VIOLATION,AIRPORT TERMINAL UPPER LEVEL - SECURE AREA
2017-05-03,SEX OFFENSE,"SCHOOL, PRIVATE, BUILDING"
2020-03-13,ARSON,RESIDENCE - GARAGE
2020-05-11,HOMICIDE,NOT IDENTIFIED
2020-09-07,ARSON,RESIDENCE - GARAGE
2020-07-21,ARSON,VEHICLE - COMMERCIAL
2018-09-10,CONCEALED CARRY LICENSE VIOLATION,AIRPORT TERMINAL UPPER LEVEL - SECURE AREA
2019-12-30,SEX OFFENSE,CHA APARTMENT
2017-02-01,CRIM SEXUAL ASSAULT,"SCHOOL, PUBLIC, GROUNDS"
2017-04-07,HOMICIDE,HOUSE
2020-07-14,SEX OFFENSE,DRIVEWAY - RESIDENTIAL
2020-09-05,SEX OFFENSE,HOSPITAL BUILDING / GROUNDS
2020-03-29,ARSON,RESIDENCE - PORCH / HALLWAY
2020-12-21,HOMICIDE,GANGWAY
2017-07-03,SEX OFFENSE,CTA BUS
2020-07-09,HOMICIDE,NOT IDENTIFIED
2020-10-30,LIQUOR LAW VIOLATION,TAVERN / LIQUOR STORE
2018-12-07,CRIM SEXUAL ASSAULT,NURSING HOME/RETIREMENT HOME
2018-08-18,CRIMINAL SEXUAL ASSAULT,SCHOOL - PRIVATE GROUNDS
2019-09-12,CRIMINAL SEXUAL ASSAULT,ABANDONED BUILDING
2020-07-27,INTERFERENCE WITH PUBLIC OFFICER,POLICE FACILITY / VEHICLE PARKING LOT
2017-02-18,HOMICIDE,CLUB
2019-04-26,HOMICIDE,RETAIL STORE
2020-11-29,ARSON,RESIDENCE - YARD (FRONT / BACK)
2019-01-07,HOMICIDE,PARKING LOT
2018-07-11,HOMICIDE,VACANT LOT
2020-01-23,HOMICIDE,NOT IDENTIFIED
2020-04-20,CRIMINAL SEXUAL ASSAULT,HOTEL / MOTEL
2019-08-19,SEX OFFENSE,CTA STATION
2020-04-08,SEX OFFENSE,HOTEL / MOTEL
2017-05-12,SEX OFFENSE,NURSING HOME/RETIREMENT HOME
2019-06-04,CRIM SEXUAL ASSAULT,HOSPITAL BUILDING/GROUNDS
2018-01-12,CRIM SEXUAL ASSAULT,HOTEL/MOTEL
2017-11-21,CRIM SEXUAL ASSAULT,HOSPITAL BUILDING/GROUNDS
2019-06-05,CRIM SEXUAL ASSAULT,NURSING HOME/RETIREMENT HOME
2017-01-21,INTERFERENCE WITH PUBLIC OFFICER,JAIL / LOCK-UP FACILITY
2020-02-12,SEX OFFENSE,SCHOOL - PUBLIC GROUNDS
2017-10-27,CONCEALED CARRY LICENSE VIOLATION,AIRPORT TERMINAL UPPER LEVEL - SECURE AREA
2020-05-01,CONCEALED CARRY LICENSE VIOLATION,PARKING LOT / GARAGE (NON RESIDENTIAL)
2017-03-17,LIQUOR LAW VIOLATION,TAVERN/LIQUOR STORE
2018-05-27,CONCEALED CARRY LICENSE VIOLATION,AIRPORT TERMINAL UPPER LEVEL - SECURE AREA
2018-01-01,CRIMINAL SEXUAL ASSAULT,RESIDENCE - GARAGE
2019-04-30,CRIM SEXUAL ASSAULT,NURSING HOME/RETIREMENT HOME
2020-09-17,LIQUOR LAW VIOLATION,TAVERN / LIQUOR STORE
2017-02-15,LIQUOR LAW VIOLATION,TAVERN/LIQUOR STORE
2018-02-18,CONCEALED CARRY LICENSE VIOLATION,HOSPITAL BUILDING/GROUNDS
2019-07-17,CRIMINAL SEXUAL ASSAULT,SCHOOL - PUBLIC GROUNDS
2019-02-12,CRIM SEXUAL ASSAULT,DAY CARE CENTER
2017-12-01,HOMICIDE,NOT IDENTIFIED
2020-09-24,CRIMINAL SEXUAL ASSAULT,HOSPITAL BUILDING / GROUNDS
2020-04-29,CRIMINAL SEXUAL ASSAULT,HOTEL / MOTEL
2020-08-20,SEX OFFENSE,BANK
2020-01-28,CRIM SEXUAL ASSAULT,COLLEGE/UNIVERSITY GROUNDS
2019-05-10,CRIMINAL SEXUAL ASSAULT,LAKEFRONT / WATERFRONT / RIVERBANK
2020-08-29,HOMICIDE,YARD
2017-03-16,HOMICIDE,NOT IDENTIFIED
2020-01-09,LIQUOR LAW VIOLATION,TAVERN/LIQUOR STORE
2018-08-02,SEX OFFENSE,AIRCRAFT
2019-07-15,SEX OFFENSE,"SCHOOL, PRIVATE, BUILDING"
2018-06-06,NON-CRIMINAL,POLICE FACILITY/VEH PARKING LOT
2019-11-21,LIQUOR LAW VIOLATION,TAVERN/LIQUOR STORE
2020-05-20,CRIMINAL SEXUAL ASSAULT,NURSING / RETIREMENT HOME
2018-11-24,CONCEALED CARRY LICENSE VIOLATION,AIRPORT TERMINAL UPPER LEVEL - SECURE AREA
2019-04-23,SEX OFFENSE,"SCHOOL, PRIVATE, BUILDING"
2020-03-18,SEX OFFENSE,NURSING / RETIREMENT HOME
2018-06-19,CRIM SEXUAL ASSAULT,HOSPITAL BUILDING/GROUNDS
2017-01-09,CRIM SEXUAL ASSAULT,HOSPITAL BUILDING/GROUNDS
2019-01-13,GAMBLING,TAVERN/LIQUOR STORE
2017-08-06,CRIM SEXUAL ASSAULT,HOSPITAL BUILDING/GROUNDS
2018-07-12,SEX OFFENSE,DRUG STORE
2019-02-02,SEX OFFENSE,CTA PLATFORM